﻿<?xml version="1.0" encoding="UTF-8"?><idempiere Name="InfoDialog" Version="1" idempiereVersion="" DataBaseVersion="" Description="" Author="" AuthorEmail="" CreatedDate="2020-05-19 11:24:17.873" UpdatedDate="2020-05-19 11:24:17.873" PackOutVersion="100" UpdateDictionary="false" Client="0-SYSTEM-System" AD_Client_UU="11237b53-9592-4af1-b3c5-afd216514b5d">
    <AD_ToolBarButton type="table">
        <AD_Client_ID>0</AD_Client_ID>
        <AD_Org_ID>0</AD_Org_ID>
        <ComponentName>InfoDialog</ComponentName>
        <IsActive>Y</IsActive>
        <Name>InfoDialog</Name>
        <IsCustomization>Y</IsCustomization>
        <ActionClassName>de.aulerlichtkabel.infodialog.toolbaraction</ActionClassName>
        <ActionName/>
        <KeyStroke_KeyCode>0</KeyStroke_KeyCode>
        <KeyStroke_Modifiers>0</KeyStroke_Modifiers>
        <AD_ToolBarButton_UU>e18d3888-5f4b-4e81-8e2f-04b689469299</AD_ToolBarButton_UU>
        <Action>W</Action>
        <AD_Tab_ID reference="id"/>
        <AD_Process_ID reference="id"/>
        <DisplayLogic/>
        <SeqNo>300</SeqNo>
        <IsAdvancedButton>N</IsAdvancedButton>
        <IsAddSeparator>Y</IsAddSeparator>
        <EntityType>U</EntityType>
        <IsShowMore>N</IsShowMore>
    </AD_ToolBarButton>
    <AD_Message type="table">
        <AD_Client_ID>0</AD_Client_ID>
        <AD_Org_ID>0</AD_Org_ID>
        <MsgType>I</MsgType>
        <MsgText>Show InfoDialog</MsgText>
        <MsgTip/>
        <IsActive>Y</IsActive>
        <Value>de.aulerlichtkabel.infodialog.toolbaraction.tooltip</Value>
        <EntityType>U</EntityType>
        <AD_Message_UU>e381d6a0-2973-45db-9512-299bd0bd8029</AD_Message_UU>
    </AD_Message>
    <AD_Menu type="table">
        <SeqNo>31</SeqNo>
        <AD_Client_ID>0</AD_Client_ID>
        <AD_Org_ID>0</AD_Org_ID>
        <Name>PAT_InfoDialog</Name>
        <Description/>
        <Action/>
        <AD_Window_ID reference="id"/>
        <AD_Workflow_ID reference="id"/>
        <AD_Task_ID reference="id"/>
        <IsActive>Y</IsActive>
        <IsSummary>Y</IsSummary>
        <AD_Process_ID reference="id"/>
        <IsSOTrx>Y</IsSOTrx>
        <AD_Form_ID reference="id"/>
        <IsReadOnly>N</IsReadOnly>
        <EntityType>U</EntityType>
        <IsCentrallyMaintained>N</IsCentrallyMaintained>
        <AD_Menu_UU>e42a1fb7-cbc6-4e0b-952c-60bb5586bf20</AD_Menu_UU>
        <AD_InfoWindow_ID reference="id"/>
        <AD_Menu type="table">
            <Parent_ID reference="uuid" reference-key="AD_Menu">e42a1fb7-cbc6-4e0b-952c-60bb5586bf20</Parent_ID>
            <SeqNo>0</SeqNo>
            <AD_Client_ID>0</AD_Client_ID>
            <AD_Org_ID>0</AD_Org_ID>
            <Name>PAT_InfoDialog_Config</Name>
            <Description/>
            <Action>W</Action>
            <AD_Window_ID reference="uuid" reference-key="AD_Window">9be3d809-fede-47f3-bd65-9d66cdc61a35</AD_Window_ID>
            <AD_Workflow_ID reference="id"/>
            <AD_Task_ID reference="id"/>
            <IsActive>Y</IsActive>
            <IsSummary>N</IsSummary>
            <AD_Process_ID reference="id"/>
            <IsSOTrx>Y</IsSOTrx>
            <AD_Form_ID reference="id"/>
            <IsReadOnly>N</IsReadOnly>
            <EntityType>U</EntityType>
            <IsCentrallyMaintained>Y</IsCentrallyMaintained>
            <AD_Menu_UU>d34dfab5-b80d-407a-9f8c-cf0db61550cf</AD_Menu_UU>
            <AD_InfoWindow_ID reference="id"/>
            <AD_Window type="table">
                <AD_Client_ID>0</AD_Client_ID>
                <AD_Org_ID>0</AD_Org_ID>
                <Name>PAT_InfoDialog_Config</Name>
                <Description/>
                <Help/>
                <IsActive>Y</IsActive>
                <WindowType>M</WindowType>
                <Processing>N</Processing>
                <AD_Color_ID reference="id"/>
                <AD_Image_ID reference="id"/>
                <EntityType>U</EntityType>
                <IsSOTrx>N</IsSOTrx>
                <IsDefault>N</IsDefault>
                <WinHeight>0</WinHeight>
                <WinWidth>0</WinWidth>
                <IsBetaFunctionality>N</IsBetaFunctionality>
                <AD_Window_UU>9be3d809-fede-47f3-bd65-9d66cdc61a35</AD_Window_UU>
                <TitleLogic/>
                <AD_Table type="table">
                    <AD_Client_ID>0</AD_Client_ID>
                    <AD_Org_ID>0</AD_Org_ID>
                    <Name>PAT_InfoDialog</Name>
                    <Description/>
                    <Help/>
                    <AD_Window_ID reference="id"/>
                    <AD_Val_Rule_ID reference="id"/>
                    <TableName>PAT_InfoDialog</TableName>
                    <LoadSeq/>
                    <AccessLevel>3</AccessLevel>
                    <IsActive>Y</IsActive>
                    <IsSecurityEnabled>N</IsSecurityEnabled>
                    <IsDeleteable>Y</IsDeleteable>
                    <IsHighVolume>N</IsHighVolume>
                    <IsView>N</IsView>
                    <EntityType>U</EntityType>
                    <ImportTable>N</ImportTable>
                    <IsChangeLog>N</IsChangeLog>
                    <ReplicationType>L</ReplicationType>
                    <PO_Window_ID reference="id"/>
                    <CopyColumnsFromTable/>
                    <IsCentrallyMaintained>Y</IsCentrallyMaintained>
                    <AD_Table_UU>0ad38f78-e257-49dd-9d8c-6cd051f41804</AD_Table_UU>
                    <Processing>N</Processing>
                    <DatabaseViewDrop/>
                    <CopyComponentsFromView/>
                    <AD_Element type="table">
                        <AD_Client_ID>0</AD_Client_ID>
                        <AD_Org_ID>0</AD_Org_ID>
                        <IsActive>Y</IsActive>
                        <ColumnName>PAT_InfoDialog_ID</ColumnName>
                        <Name>PAT_InfoDialog</Name>
                        <Description/>
                        <Help/>
                        <PrintName>PAT_InfoDialog</PrintName>
                        <PO_Description/>
                        <PO_Help/>
                        <PO_Name/>
                        <PO_PrintName/>
                        <EntityType>U</EntityType>
                        <AD_Element_UU>e3b3bb22-ae10-45c2-ac50-552185e786b6</AD_Element_UU>
                        <Placeholder/>
                    </AD_Element>
                    <AD_Column type="table">
                        <IsSyncDatabase>Y</IsSyncDatabase>
                        <AD_Table_ID reference="uuid" reference-key="AD_Table">0ad38f78-e257-49dd-9d8c-6cd051f41804</AD_Table_ID>
                        <AD_Reference_Value_ID reference="id"/>
                        <AD_Client_ID>0</AD_Client_ID>
                        <AD_Org_ID>0</AD_Org_ID>
                        <Version>0</Version>
                        <Name>PAT_InfoDialog</Name>
                        <Description/>
                        <Help/>
                        <AD_Val_Rule_ID reference="id"/>
                        <ColumnName>PAT_InfoDialog_ID</ColumnName>
                        <DefaultValue/>
                        <FieldLength>22</FieldLength>
                        <IsKey>Y</IsKey>
                        <IsParent>N</IsParent>
                        <IsMandatory>Y</IsMandatory>
                        <IsTranslated>N</IsTranslated>
                        <IsIdentifier>Y</IsIdentifier>
                        <SeqNo>1</SeqNo>
                        <IsEncrypted>N</IsEncrypted>
                        <AD_Reference_ID reference="id">13</AD_Reference_ID>
                        <IsActive>Y</IsActive>
                        <VFormat/>
                        <Callout/>
                        <AD_Element_ID reference="uuid" reference-key="AD_Element">e3b3bb22-ae10-45c2-ac50-552185e786b6</AD_Element_ID>
                        <IsUpdateable>N</IsUpdateable>
                        <AD_Process_ID reference="id"/>
                        <ValueMin/>
                        <ValueMax/>
                        <IsSelectionColumn>N</IsSelectionColumn>
                        <ReadOnlyLogic/>
                        <EntityType>U</EntityType>
                        <IsAlwaysUpdateable>N</IsAlwaysUpdateable>
                        <ColumnSQL/>
                        <MandatoryLogic/>
                        <IsAutocomplete>N</IsAutocomplete>
                        <IsAllowLogging>Y</IsAllowLogging>
                        <FormatPattern/>
                        <AD_Chart_ID reference="id"/>
                        <AD_Column_UU>38e5958b-e1d0-439a-a062-ad9b36e69fa3</AD_Column_UU>
                        <IsAllowCopy>N</IsAllowCopy>
                        <SeqNoSelection/>
                        <IsToolbarButton>N</IsToolbarButton>
                        <IsSecure>N</IsSecure>
                        <FKConstraintName/>
                        <FKConstraintType>N</FKConstraintType>
                        <PA_DashboardContent_ID reference="id"/>
                        <Placeholder/>
                        <IsHtml>N</IsHtml>
                    </AD_Column>
                    <AD_Element type="table">
                        <AD_Client_ID>0</AD_Client_ID>
                        <AD_Org_ID>0</AD_Org_ID>
                        <IsActive>Y</IsActive>
                        <ColumnName>PAT_InfoDialog_UU</ColumnName>
                        <Name>PAT_InfoDialog_UU</Name>
                        <Description/>
                        <Help/>
                        <PrintName>PAT_InfoDialog_UU</PrintName>
                        <PO_Description/>
                        <PO_Help/>
                        <PO_Name/>
                        <PO_PrintName/>
                        <EntityType>U</EntityType>
                        <AD_Element_UU>413259d7-0dad-4b58-85c7-3169e918f4d9</AD_Element_UU>
                        <Placeholder/>
                    </AD_Element>
                    <AD_Column type="table">
                        <IsSyncDatabase>Y</IsSyncDatabase>
                        <AD_Table_ID reference="uuid" reference-key="AD_Table">0ad38f78-e257-49dd-9d8c-6cd051f41804</AD_Table_ID>
                        <AD_Reference_Value_ID reference="id"/>
                        <AD_Client_ID>0</AD_Client_ID>
                        <AD_Org_ID>0</AD_Org_ID>
                        <Version>1.00</Version>
                        <Name>PAT_InfoDialog_UU</Name>
                        <Description/>
                        <Help/>
                        <AD_Val_Rule_ID reference="id"/>
                        <ColumnName>PAT_InfoDialog_UU</ColumnName>
                        <DefaultValue/>
                        <FieldLength>36</FieldLength>
                        <IsKey>N</IsKey>
                        <IsParent>N</IsParent>
                        <IsMandatory>N</IsMandatory>
                        <IsTranslated>N</IsTranslated>
                        <IsIdentifier>N</IsIdentifier>
                        <SeqNo/>
                        <IsEncrypted>N</IsEncrypted>
                        <AD_Reference_ID reference="id">10</AD_Reference_ID>
                        <IsActive>Y</IsActive>
                        <VFormat/>
                        <Callout/>
                        <AD_Element_ID reference="uuid" reference-key="AD_Element">413259d7-0dad-4b58-85c7-3169e918f4d9</AD_Element_ID>
                        <IsUpdateable>Y</IsUpdateable>
                        <AD_Process_ID reference="id"/>
                        <ValueMin/>
                        <ValueMax/>
                        <IsSelectionColumn>N</IsSelectionColumn>
                        <ReadOnlyLogic/>
                        <EntityType>U</EntityType>
                        <IsAlwaysUpdateable>N</IsAlwaysUpdateable>
                        <ColumnSQL/>
                        <MandatoryLogic/>
                        <IsAutocomplete>N</IsAutocomplete>
                        <IsAllowLogging>Y</IsAllowLogging>
                        <FormatPattern/>
                        <AD_Chart_ID reference="id"/>
                        <AD_Column_UU>53448b74-3a25-4c7d-97a3-f8f68943d1b6</AD_Column_UU>
                        <IsAllowCopy>N</IsAllowCopy>
                        <SeqNoSelection/>
                        <IsToolbarButton>N</IsToolbarButton>
                        <IsSecure>N</IsSecure>
                        <FKConstraintName/>
                        <FKConstraintType>N</FKConstraintType>
                        <PA_DashboardContent_ID reference="id"/>
                        <Placeholder/>
                        <IsHtml>N</IsHtml>
                    </AD_Column>
                    <AD_Column type="table">
                        <IsSyncDatabase>Y</IsSyncDatabase>
                        <AD_Table_ID reference="uuid" reference-key="AD_Table">0ad38f78-e257-49dd-9d8c-6cd051f41804</AD_Table_ID>
                        <AD_Reference_Value_ID reference="id"/>
                        <AD_Client_ID>0</AD_Client_ID>
                        <AD_Org_ID>0</AD_Org_ID>
                        <Version>0</Version>
                        <Name>Client</Name>
                        <Description>Client/Tenant for this installation.</Description>
                        <Help>A Client is a company or a legal entity. You cannot share data between Clients. Tenant is a synonym for Client.</Help>
                        <AD_Val_Rule_ID reference="id">129</AD_Val_Rule_ID>
                        <ColumnName>AD_Client_ID</ColumnName>
                        <DefaultValue>@AD_Client_ID@</DefaultValue>
                        <FieldLength>22</FieldLength>
                        <IsKey>N</IsKey>
                        <IsParent>Y</IsParent>
                        <IsMandatory>Y</IsMandatory>
                        <IsTranslated>N</IsTranslated>
                        <IsIdentifier>N</IsIdentifier>
                        <SeqNo/>
                        <IsEncrypted>N</IsEncrypted>
                        <AD_Reference_ID reference="id">19</AD_Reference_ID>
                        <IsActive>Y</IsActive>
                        <VFormat/>
                        <Callout/>
                        <AD_Element_ID reference="id">102</AD_Element_ID>
                        <IsUpdateable>N</IsUpdateable>
                        <AD_Process_ID reference="id"/>
                        <ValueMin/>
                        <ValueMax/>
                        <IsSelectionColumn>N</IsSelectionColumn>
                        <ReadOnlyLogic/>
                        <EntityType>U</EntityType>
                        <IsAlwaysUpdateable>N</IsAlwaysUpdateable>
                        <ColumnSQL/>
                        <MandatoryLogic/>
                        <IsAutocomplete>N</IsAutocomplete>
                        <IsAllowLogging>Y</IsAllowLogging>
                        <FormatPattern/>
                        <AD_Chart_ID reference="id"/>
                        <AD_Column_UU>1e30f10c-9e62-4c0c-87bc-2c40db96d16f</AD_Column_UU>
                        <IsAllowCopy>N</IsAllowCopy>
                        <SeqNoSelection/>
                        <IsToolbarButton>N</IsToolbarButton>
                        <IsSecure>N</IsSecure>
                        <FKConstraintName/>
                        <FKConstraintType>D</FKConstraintType>
                        <PA_DashboardContent_ID reference="id"/>
                        <Placeholder/>
                        <IsHtml>N</IsHtml>
                    </AD_Column>
                    <AD_Column type="table">
                        <IsSyncDatabase>Y</IsSyncDatabase>
                        <AD_Table_ID reference="uuid" reference-key="AD_Table">0ad38f78-e257-49dd-9d8c-6cd051f41804</AD_Table_ID>
                        <AD_Reference_Value_ID reference="id"/>
                        <AD_Client_ID>0</AD_Client_ID>
                        <AD_Org_ID>0</AD_Org_ID>
                        <Version>0</Version>
                        <Name>Organization</Name>
                        <Description>Organizational entity within client</Description>
                        <Help>An organization is a unit of your client or legal entity - examples are store, department. You can share data between organizations.</Help>
                        <AD_Val_Rule_ID reference="id">130</AD_Val_Rule_ID>
                        <ColumnName>AD_Org_ID</ColumnName>
                        <DefaultValue>@AD_Org_ID@</DefaultValue>
                        <FieldLength>22</FieldLength>
                        <IsKey>N</IsKey>
                        <IsParent>Y</IsParent>
                        <IsMandatory>N</IsMandatory>
                        <IsTranslated>N</IsTranslated>
                        <IsIdentifier>N</IsIdentifier>
                        <SeqNo/>
                        <IsEncrypted>N</IsEncrypted>
                        <AD_Reference_ID reference="id">19</AD_Reference_ID>
                        <IsActive>Y</IsActive>
                        <VFormat/>
                        <Callout/>
                        <AD_Element_ID reference="id">113</AD_Element_ID>
                        <IsUpdateable>N</IsUpdateable>
                        <AD_Process_ID reference="id"/>
                        <ValueMin/>
                        <ValueMax/>
                        <IsSelectionColumn>N</IsSelectionColumn>
                        <ReadOnlyLogic/>
                        <EntityType>U</EntityType>
                        <IsAlwaysUpdateable>N</IsAlwaysUpdateable>
                        <ColumnSQL/>
                        <MandatoryLogic/>
                        <IsAutocomplete>N</IsAutocomplete>
                        <IsAllowLogging>Y</IsAllowLogging>
                        <FormatPattern/>
                        <AD_Chart_ID reference="id"/>
                        <AD_Column_UU>9502f19e-1cfb-4587-a46c-4cf75650f322</AD_Column_UU>
                        <IsAllowCopy>N</IsAllowCopy>
                        <SeqNoSelection/>
                        <IsToolbarButton>N</IsToolbarButton>
                        <IsSecure>N</IsSecure>
                        <FKConstraintName/>
                        <FKConstraintType>D</FKConstraintType>
                        <PA_DashboardContent_ID reference="id"/>
                        <Placeholder/>
                        <IsHtml>N</IsHtml>
                    </AD_Column>
                    <AD_Column type="table">
                        <IsSyncDatabase>Y</IsSyncDatabase>
                        <AD_Table_ID reference="uuid" reference-key="AD_Table">0ad38f78-e257-49dd-9d8c-6cd051f41804</AD_Table_ID>
                        <AD_Reference_Value_ID reference="id"/>
                        <AD_Client_ID>0</AD_Client_ID>
                        <AD_Org_ID>0</AD_Org_ID>
                        <Version>0</Version>
                        <Name>Created</Name>
                        <Description>Date this record was created</Description>
                        <Help>The Created field indicates the date that this record was created.</Help>
                        <AD_Val_Rule_ID reference="id"/>
                        <ColumnName>Created</ColumnName>
                        <DefaultValue>SYSDATE</DefaultValue>
                        <FieldLength>7</FieldLength>
                        <IsKey>N</IsKey>
                        <IsParent>N</IsParent>
                        <IsMandatory>Y</IsMandatory>
                        <IsTranslated>N</IsTranslated>
                        <IsIdentifier>N</IsIdentifier>
                        <SeqNo/>
                        <IsEncrypted>N</IsEncrypted>
                        <AD_Reference_ID reference="id">16</AD_Reference_ID>
                        <IsActive>Y</IsActive>
                        <VFormat/>
                        <Callout/>
                        <AD_Element_ID reference="id">245</AD_Element_ID>
                        <IsUpdateable>Y</IsUpdateable>
                        <AD_Process_ID reference="id"/>
                        <ValueMin/>
                        <ValueMax/>
                        <IsSelectionColumn>N</IsSelectionColumn>
                        <ReadOnlyLogic/>
                        <EntityType>U</EntityType>
                        <IsAlwaysUpdateable>N</IsAlwaysUpdateable>
                        <ColumnSQL/>
                        <MandatoryLogic/>
                        <IsAutocomplete>N</IsAutocomplete>
                        <IsAllowLogging>Y</IsAllowLogging>
                        <FormatPattern/>
                        <AD_Chart_ID reference="id"/>
                        <AD_Column_UU>1164e4d5-62ec-4aaf-b66e-69998c187602</AD_Column_UU>
                        <IsAllowCopy>N</IsAllowCopy>
                        <SeqNoSelection/>
                        <IsToolbarButton>N</IsToolbarButton>
                        <IsSecure>N</IsSecure>
                        <FKConstraintName/>
                        <FKConstraintType>N</FKConstraintType>
                        <PA_DashboardContent_ID reference="id"/>
                        <Placeholder/>
                        <IsHtml>N</IsHtml>
                    </AD_Column>
                    <AD_Column type="table">
                        <IsSyncDatabase>Y</IsSyncDatabase>
                        <AD_Table_ID reference="uuid" reference-key="AD_Table">0ad38f78-e257-49dd-9d8c-6cd051f41804</AD_Table_ID>
                        <AD_Reference_Value_ID reference="id">110</AD_Reference_Value_ID>
                        <AD_Client_ID>0</AD_Client_ID>
                        <AD_Org_ID>0</AD_Org_ID>
                        <Version>0</Version>
                        <Name>Created By</Name>
                        <Description>User who created this records</Description>
                        <Help>The Created By field indicates the user who created this record.</Help>
                        <AD_Val_Rule_ID reference="id"/>
                        <ColumnName>CreatedBy</ColumnName>
                        <DefaultValue/>
                        <FieldLength>22</FieldLength>
                        <IsKey>N</IsKey>
                        <IsParent>N</IsParent>
                        <IsMandatory>Y</IsMandatory>
                        <IsTranslated>N</IsTranslated>
                        <IsIdentifier>N</IsIdentifier>
                        <SeqNo/>
                        <IsEncrypted>N</IsEncrypted>
                        <AD_Reference_ID reference="id">18</AD_Reference_ID>
                        <IsActive>Y</IsActive>
                        <VFormat/>
                        <Callout/>
                        <AD_Element_ID reference="id">246</AD_Element_ID>
                        <IsUpdateable>Y</IsUpdateable>
                        <AD_Process_ID reference="id"/>
                        <ValueMin/>
                        <ValueMax/>
                        <IsSelectionColumn>N</IsSelectionColumn>
                        <ReadOnlyLogic/>
                        <EntityType>U</EntityType>
                        <IsAlwaysUpdateable>N</IsAlwaysUpdateable>
                        <ColumnSQL/>
                        <MandatoryLogic/>
                        <IsAutocomplete>N</IsAutocomplete>
                        <IsAllowLogging>Y</IsAllowLogging>
                        <FormatPattern/>
                        <AD_Chart_ID reference="id"/>
                        <AD_Column_UU>07734ebb-ea7d-420a-bffa-c0026f0c7ffb</AD_Column_UU>
                        <IsAllowCopy>N</IsAllowCopy>
                        <SeqNoSelection/>
                        <IsToolbarButton>N</IsToolbarButton>
                        <IsSecure>N</IsSecure>
                        <FKConstraintName/>
                        <FKConstraintType>D</FKConstraintType>
                        <PA_DashboardContent_ID reference="id"/>
                        <Placeholder/>
                        <IsHtml>N</IsHtml>
                    </AD_Column>
                    <AD_Column type="table">
                        <IsSyncDatabase>Y</IsSyncDatabase>
                        <AD_Table_ID reference="uuid" reference-key="AD_Table">0ad38f78-e257-49dd-9d8c-6cd051f41804</AD_Table_ID>
                        <AD_Reference_Value_ID reference="id"/>
                        <AD_Client_ID>0</AD_Client_ID>
                        <AD_Org_ID>0</AD_Org_ID>
                        <Version>0</Version>
                        <Name>Description</Name>
                        <Description>Optional short description of the record</Description>
                        <Help>A description is limited to 255 characters.</Help>
                        <AD_Val_Rule_ID reference="id"/>
                        <ColumnName>Description</ColumnName>
                        <DefaultValue/>
                        <FieldLength>255</FieldLength>
                        <IsKey>N</IsKey>
                        <IsParent>N</IsParent>
                        <IsMandatory>N</IsMandatory>
                        <IsTranslated>N</IsTranslated>
                        <IsIdentifier>N</IsIdentifier>
                        <SeqNo/>
                        <IsEncrypted>N</IsEncrypted>
                        <AD_Reference_ID reference="id">10</AD_Reference_ID>
                        <IsActive>Y</IsActive>
                        <VFormat/>
                        <Callout/>
                        <AD_Element_ID reference="id">275</AD_Element_ID>
                        <IsUpdateable>Y</IsUpdateable>
                        <AD_Process_ID reference="id"/>
                        <ValueMin/>
                        <ValueMax/>
                        <IsSelectionColumn>N</IsSelectionColumn>
                        <ReadOnlyLogic/>
                        <EntityType>U</EntityType>
                        <IsAlwaysUpdateable>N</IsAlwaysUpdateable>
                        <ColumnSQL/>
                        <MandatoryLogic/>
                        <IsAutocomplete>N</IsAutocomplete>
                        <IsAllowLogging>Y</IsAllowLogging>
                        <FormatPattern/>
                        <AD_Chart_ID reference="id"/>
                        <AD_Column_UU>b1b51028-731d-4fdd-8a46-b117b35c83f8</AD_Column_UU>
                        <IsAllowCopy>Y</IsAllowCopy>
                        <SeqNoSelection/>
                        <IsToolbarButton>N</IsToolbarButton>
                        <IsSecure>N</IsSecure>
                        <FKConstraintName/>
                        <FKConstraintType>N</FKConstraintType>
                        <PA_DashboardContent_ID reference="id"/>
                        <Placeholder/>
                        <IsHtml>N</IsHtml>
                    </AD_Column>
                    <AD_Column type="table">
                        <IsSyncDatabase>Y</IsSyncDatabase>
                        <AD_Table_ID reference="uuid" reference-key="AD_Table">0ad38f78-e257-49dd-9d8c-6cd051f41804</AD_Table_ID>
                        <AD_Reference_Value_ID reference="id"/>
                        <AD_Client_ID>0</AD_Client_ID>
                        <AD_Org_ID>0</AD_Org_ID>
                        <Version>0</Version>
                        <Name>Active</Name>
                        <Description>The record is active in the system</Description>
                        <Help>There are two methods of making records unavailable in the system: One is to delete the record, the other is to de-activate the record. A de-activated record is not available for selection, but available for reports.
There are two reasons for de-activating and not deleting records:
(1) The system requires the record for audit purposes.
(2) The record is referenced by other records. E.g., you cannot delete a Business Partner, if there are invoices for this partner record existing. You de-activate the Business Partner and prevent that this record is used for future entries.</Help>
                        <AD_Val_Rule_ID reference="id"/>
                        <ColumnName>IsActive</ColumnName>
                        <DefaultValue/>
                        <FieldLength>1</FieldLength>
                        <IsKey>N</IsKey>
                        <IsParent>N</IsParent>
                        <IsMandatory>Y</IsMandatory>
                        <IsTranslated>N</IsTranslated>
                        <IsIdentifier>N</IsIdentifier>
                        <SeqNo/>
                        <IsEncrypted>N</IsEncrypted>
                        <AD_Reference_ID reference="id">20</AD_Reference_ID>
                        <IsActive>Y</IsActive>
                        <VFormat/>
                        <Callout/>
                        <AD_Element_ID reference="id">348</AD_Element_ID>
                        <IsUpdateable>Y</IsUpdateable>
                        <AD_Process_ID reference="id"/>
                        <ValueMin/>
                        <ValueMax/>
                        <IsSelectionColumn>N</IsSelectionColumn>
                        <ReadOnlyLogic/>
                        <EntityType>U</EntityType>
                        <IsAlwaysUpdateable>N</IsAlwaysUpdateable>
                        <ColumnSQL/>
                        <MandatoryLogic/>
                        <IsAutocomplete>N</IsAutocomplete>
                        <IsAllowLogging>Y</IsAllowLogging>
                        <FormatPattern/>
                        <AD_Chart_ID reference="id"/>
                        <AD_Column_UU>94b1d0c6-fc6b-4e5c-849d-dd11bc45afa4</AD_Column_UU>
                        <IsAllowCopy>N</IsAllowCopy>
                        <SeqNoSelection/>
                        <IsToolbarButton>N</IsToolbarButton>
                        <IsSecure>N</IsSecure>
                        <FKConstraintName/>
                        <FKConstraintType>N</FKConstraintType>
                        <PA_DashboardContent_ID reference="id"/>
                        <Placeholder/>
                        <IsHtml>N</IsHtml>
                    </AD_Column>
                    <AD_Column type="table">
                        <IsSyncDatabase>Y</IsSyncDatabase>
                        <AD_Table_ID reference="uuid" reference-key="AD_Table">0ad38f78-e257-49dd-9d8c-6cd051f41804</AD_Table_ID>
                        <AD_Reference_Value_ID reference="id"/>
                        <AD_Client_ID>0</AD_Client_ID>
                        <AD_Org_ID>0</AD_Org_ID>
                        <Version>0</Version>
                        <Name>Updated</Name>
                        <Description>Date this record was updated</Description>
                        <Help>The Updated field indicates the date that this record was updated.</Help>
                        <AD_Val_Rule_ID reference="id"/>
                        <ColumnName>Updated</ColumnName>
                        <DefaultValue>SYSDATE</DefaultValue>
                        <FieldLength>7</FieldLength>
                        <IsKey>N</IsKey>
                        <IsParent>N</IsParent>
                        <IsMandatory>Y</IsMandatory>
                        <IsTranslated>N</IsTranslated>
                        <IsIdentifier>N</IsIdentifier>
                        <SeqNo/>
                        <IsEncrypted>N</IsEncrypted>
                        <AD_Reference_ID reference="id">16</AD_Reference_ID>
                        <IsActive>Y</IsActive>
                        <VFormat/>
                        <Callout/>
                        <AD_Element_ID reference="id">607</AD_Element_ID>
                        <IsUpdateable>Y</IsUpdateable>
                        <AD_Process_ID reference="id"/>
                        <ValueMin/>
                        <ValueMax/>
                        <IsSelectionColumn>N</IsSelectionColumn>
                        <ReadOnlyLogic/>
                        <EntityType>U</EntityType>
                        <IsAlwaysUpdateable>N</IsAlwaysUpdateable>
                        <ColumnSQL/>
                        <MandatoryLogic/>
                        <IsAutocomplete>N</IsAutocomplete>
                        <IsAllowLogging>Y</IsAllowLogging>
                        <FormatPattern/>
                        <AD_Chart_ID reference="id"/>
                        <AD_Column_UU>ef942180-f96f-418e-9177-ba07f96e247d</AD_Column_UU>
                        <IsAllowCopy>N</IsAllowCopy>
                        <SeqNoSelection/>
                        <IsToolbarButton>N</IsToolbarButton>
                        <IsSecure>N</IsSecure>
                        <FKConstraintName/>
                        <FKConstraintType>N</FKConstraintType>
                        <PA_DashboardContent_ID reference="id"/>
                        <Placeholder/>
                        <IsHtml>N</IsHtml>
                    </AD_Column>
                    <AD_Column type="table">
                        <IsSyncDatabase>Y</IsSyncDatabase>
                        <AD_Table_ID reference="uuid" reference-key="AD_Table">0ad38f78-e257-49dd-9d8c-6cd051f41804</AD_Table_ID>
                        <AD_Reference_Value_ID reference="id">110</AD_Reference_Value_ID>
                        <AD_Client_ID>0</AD_Client_ID>
                        <AD_Org_ID>0</AD_Org_ID>
                        <Version>0</Version>
                        <Name>Updated By</Name>
                        <Description>User who updated this records</Description>
                        <Help>The Updated By field indicates the user who updated this record.</Help>
                        <AD_Val_Rule_ID reference="id"/>
                        <ColumnName>UpdatedBy</ColumnName>
                        <DefaultValue/>
                        <FieldLength>22</FieldLength>
                        <IsKey>N</IsKey>
                        <IsParent>N</IsParent>
                        <IsMandatory>Y</IsMandatory>
                        <IsTranslated>N</IsTranslated>
                        <IsIdentifier>N</IsIdentifier>
                        <SeqNo/>
                        <IsEncrypted>N</IsEncrypted>
                        <AD_Reference_ID reference="id">18</AD_Reference_ID>
                        <IsActive>Y</IsActive>
                        <VFormat/>
                        <Callout/>
                        <AD_Element_ID reference="id">608</AD_Element_ID>
                        <IsUpdateable>Y</IsUpdateable>
                        <AD_Process_ID reference="id"/>
                        <ValueMin/>
                        <ValueMax/>
                        <IsSelectionColumn>N</IsSelectionColumn>
                        <ReadOnlyLogic/>
                        <EntityType>U</EntityType>
                        <IsAlwaysUpdateable>N</IsAlwaysUpdateable>
                        <ColumnSQL/>
                        <MandatoryLogic/>
                        <IsAutocomplete>N</IsAutocomplete>
                        <IsAllowLogging>Y</IsAllowLogging>
                        <FormatPattern/>
                        <AD_Chart_ID reference="id"/>
                        <AD_Column_UU>598a8c82-e641-4c9e-9e08-d22bca068e8d</AD_Column_UU>
                        <IsAllowCopy>N</IsAllowCopy>
                        <SeqNoSelection/>
                        <IsToolbarButton>N</IsToolbarButton>
                        <IsSecure>N</IsSecure>
                        <FKConstraintName/>
                        <FKConstraintType>D</FKConstraintType>
                        <PA_DashboardContent_ID reference="id"/>
                        <Placeholder/>
                        <IsHtml>N</IsHtml>
                    </AD_Column>
                    <AD_Column type="table">
                        <IsSyncDatabase>Y</IsSyncDatabase>
                        <AD_Table_ID reference="uuid" reference-key="AD_Table">0ad38f78-e257-49dd-9d8c-6cd051f41804</AD_Table_ID>
                        <AD_Reference_Value_ID reference="id"/>
                        <AD_Client_ID>0</AD_Client_ID>
                        <AD_Org_ID>0</AD_Org_ID>
                        <Version>0</Version>
                        <Name>Window</Name>
                        <Description>Data entry or display window</Description>
                        <Help>The Window field identifies a unique Window in the system.</Help>
                        <AD_Val_Rule_ID reference="id"/>
                        <ColumnName>AD_Window_ID</ColumnName>
                        <DefaultValue/>
                        <FieldLength>22</FieldLength>
                        <IsKey>N</IsKey>
                        <IsParent>N</IsParent>
                        <IsMandatory>N</IsMandatory>
                        <IsTranslated>N</IsTranslated>
                        <IsIdentifier>N</IsIdentifier>
                        <SeqNo>0</SeqNo>
                        <IsEncrypted>N</IsEncrypted>
                        <AD_Reference_ID reference="id">19</AD_Reference_ID>
                        <IsActive>Y</IsActive>
                        <VFormat/>
                        <Callout/>
                        <AD_Element_ID reference="id">143</AD_Element_ID>
                        <IsUpdateable>Y</IsUpdateable>
                        <AD_Process_ID reference="id"/>
                        <ValueMin/>
                        <ValueMax/>
                        <IsSelectionColumn>N</IsSelectionColumn>
                        <ReadOnlyLogic/>
                        <EntityType>U</EntityType>
                        <IsAlwaysUpdateable>N</IsAlwaysUpdateable>
                        <ColumnSQL/>
                        <MandatoryLogic/>
                        <IsAutocomplete>N</IsAutocomplete>
                        <IsAllowLogging>Y</IsAllowLogging>
                        <FormatPattern/>
                        <AD_Chart_ID reference="id"/>
                        <AD_Column_UU>bbbcdc64-2234-4c87-a22c-793fba409ebd</AD_Column_UU>
                        <IsAllowCopy>Y</IsAllowCopy>
                        <SeqNoSelection>0</SeqNoSelection>
                        <IsToolbarButton>N</IsToolbarButton>
                        <IsSecure>N</IsSecure>
                        <FKConstraintName>ADWindow_PATInfoDialog</FKConstraintName>
                        <FKConstraintType>N</FKConstraintType>
                        <PA_DashboardContent_ID reference="id"/>
                        <Placeholder/>
                        <IsHtml>N</IsHtml>
                    </AD_Column>
                    <AD_Column type="table">
                        <IsSyncDatabase>Y</IsSyncDatabase>
                        <AD_Table_ID reference="uuid" reference-key="AD_Table">0ad38f78-e257-49dd-9d8c-6cd051f41804</AD_Table_ID>
                        <AD_Reference_Value_ID reference="id"/>
                        <AD_Client_ID>0</AD_Client_ID>
                        <AD_Org_ID>0</AD_Org_ID>
                        <Version>0</Version>
                        <Name>Tab</Name>
                        <Description>Tab within a Window</Description>
                        <Help>The Tab indicates a tab that displays within a window.</Help>
                        <AD_Val_Rule_ID reference="id">163</AD_Val_Rule_ID>
                        <ColumnName>AD_Tab_ID</ColumnName>
                        <DefaultValue/>
                        <FieldLength>10</FieldLength>
                        <IsKey>N</IsKey>
                        <IsParent>N</IsParent>
                        <IsMandatory>N</IsMandatory>
                        <IsTranslated>N</IsTranslated>
                        <IsIdentifier>N</IsIdentifier>
                        <SeqNo>0</SeqNo>
                        <IsEncrypted>N</IsEncrypted>
                        <AD_Reference_ID reference="id">19</AD_Reference_ID>
                        <IsActive>Y</IsActive>
                        <VFormat/>
                        <Callout/>
                        <AD_Element_ID reference="id">125</AD_Element_ID>
                        <IsUpdateable>Y</IsUpdateable>
                        <AD_Process_ID reference="id"/>
                        <ValueMin/>
                        <ValueMax/>
                        <IsSelectionColumn>N</IsSelectionColumn>
                        <ReadOnlyLogic/>
                        <EntityType>U</EntityType>
                        <IsAlwaysUpdateable>N</IsAlwaysUpdateable>
                        <ColumnSQL/>
                        <MandatoryLogic/>
                        <IsAutocomplete>N</IsAutocomplete>
                        <IsAllowLogging>Y</IsAllowLogging>
                        <FormatPattern/>
                        <AD_Chart_ID reference="id"/>
                        <AD_Column_UU>01034af6-5ece-4b30-99dc-99e6ee614619</AD_Column_UU>
                        <IsAllowCopy>Y</IsAllowCopy>
                        <SeqNoSelection>0</SeqNoSelection>
                        <IsToolbarButton>N</IsToolbarButton>
                        <IsSecure>N</IsSecure>
                        <FKConstraintName>ADTab_PATInfoDialog</FKConstraintName>
                        <FKConstraintType>N</FKConstraintType>
                        <PA_DashboardContent_ID reference="id"/>
                        <Placeholder/>
                        <IsHtml>N</IsHtml>
                    </AD_Column>
                    <AD_Element type="table">
                        <AD_Client_ID>0</AD_Client_ID>
                        <AD_Org_ID>0</AD_Org_ID>
                        <IsActive>Y</IsActive>
                        <ColumnName>Label</ColumnName>
                        <Name>Label</Name>
                        <Description/>
                        <Help/>
                        <PrintName>Label</PrintName>
                        <PO_Description/>
                        <PO_Help/>
                        <PO_Name/>
                        <PO_PrintName/>
                        <EntityType>U</EntityType>
                        <AD_Element_UU>e05e335c-4e3e-44de-80a9-77d4a7a8d66e</AD_Element_UU>
                        <Placeholder/>
                    </AD_Element>
                    <AD_Column type="table">
                        <IsSyncDatabase>Y</IsSyncDatabase>
                        <AD_Table_ID reference="uuid" reference-key="AD_Table">0ad38f78-e257-49dd-9d8c-6cd051f41804</AD_Table_ID>
                        <AD_Reference_Value_ID reference="id"/>
                        <AD_Client_ID>0</AD_Client_ID>
                        <AD_Org_ID>0</AD_Org_ID>
                        <Version>0</Version>
                        <Name>Label</Name>
                        <Description/>
                        <Help/>
                        <AD_Val_Rule_ID reference="id"/>
                        <ColumnName>Label</ColumnName>
                        <DefaultValue/>
                        <FieldLength>50</FieldLength>
                        <IsKey>N</IsKey>
                        <IsParent>N</IsParent>
                        <IsMandatory>N</IsMandatory>
                        <IsTranslated>N</IsTranslated>
                        <IsIdentifier>N</IsIdentifier>
                        <SeqNo>0</SeqNo>
                        <IsEncrypted>N</IsEncrypted>
                        <AD_Reference_ID reference="id">14</AD_Reference_ID>
                        <IsActive>Y</IsActive>
                        <VFormat/>
                        <Callout/>
                        <AD_Element_ID reference="uuid" reference-key="AD_Element">e05e335c-4e3e-44de-80a9-77d4a7a8d66e</AD_Element_ID>
                        <IsUpdateable>Y</IsUpdateable>
                        <AD_Process_ID reference="id"/>
                        <ValueMin/>
                        <ValueMax/>
                        <IsSelectionColumn>N</IsSelectionColumn>
                        <ReadOnlyLogic/>
                        <EntityType>U</EntityType>
                        <IsAlwaysUpdateable>N</IsAlwaysUpdateable>
                        <ColumnSQL/>
                        <MandatoryLogic/>
                        <IsAutocomplete>N</IsAutocomplete>
                        <IsAllowLogging>Y</IsAllowLogging>
                        <FormatPattern/>
                        <AD_Chart_ID reference="id"/>
                        <AD_Column_UU>b33af52c-d570-40d4-8878-c1edf2baeba0</AD_Column_UU>
                        <IsAllowCopy>Y</IsAllowCopy>
                        <SeqNoSelection>0</SeqNoSelection>
                        <IsToolbarButton>N</IsToolbarButton>
                        <IsSecure>N</IsSecure>
                        <FKConstraintName/>
                        <FKConstraintType>N</FKConstraintType>
                        <PA_DashboardContent_ID reference="id"/>
                        <Placeholder/>
                        <IsHtml>N</IsHtml>
                    </AD_Column>
                    <AD_Column type="table">
                        <IsSyncDatabase>Y</IsSyncDatabase>
                        <AD_Table_ID reference="uuid" reference-key="AD_Table">0ad38f78-e257-49dd-9d8c-6cd051f41804</AD_Table_ID>
                        <AD_Reference_Value_ID reference="id"/>
                        <AD_Client_ID>0</AD_Client_ID>
                        <AD_Org_ID>0</AD_Org_ID>
                        <Version>0</Version>
                        <Name>SQLStatement</Name>
                        <Description/>
                        <Help/>
                        <AD_Val_Rule_ID reference="id"/>
                        <ColumnName>SQLStatement</ColumnName>
                        <DefaultValue/>
                        <FieldLength>2000</FieldLength>
                        <IsKey>N</IsKey>
                        <IsParent>N</IsParent>
                        <IsMandatory>N</IsMandatory>
                        <IsTranslated>N</IsTranslated>
                        <IsIdentifier>N</IsIdentifier>
                        <SeqNo>0</SeqNo>
                        <IsEncrypted>N</IsEncrypted>
                        <AD_Reference_ID reference="id">14</AD_Reference_ID>
                        <IsActive>Y</IsActive>
                        <VFormat/>
                        <Callout/>
                        <AD_Element_ID reference="id">50028</AD_Element_ID>
                        <IsUpdateable>Y</IsUpdateable>
                        <AD_Process_ID reference="id"/>
                        <ValueMin/>
                        <ValueMax/>
                        <IsSelectionColumn>N</IsSelectionColumn>
                        <ReadOnlyLogic/>
                        <EntityType>U</EntityType>
                        <IsAlwaysUpdateable>N</IsAlwaysUpdateable>
                        <ColumnSQL/>
                        <MandatoryLogic/>
                        <IsAutocomplete>N</IsAutocomplete>
                        <IsAllowLogging>Y</IsAllowLogging>
                        <FormatPattern/>
                        <AD_Chart_ID reference="id"/>
                        <AD_Column_UU>5b62b0bc-01c3-4f9c-87d8-7b1bacf2020d</AD_Column_UU>
                        <IsAllowCopy>Y</IsAllowCopy>
                        <SeqNoSelection>0</SeqNoSelection>
                        <IsToolbarButton>N</IsToolbarButton>
                        <IsSecure>N</IsSecure>
                        <FKConstraintName/>
                        <FKConstraintType>N</FKConstraintType>
                        <PA_DashboardContent_ID reference="id"/>
                        <Placeholder/>
                        <IsHtml>N</IsHtml>
                    </AD_Column>
                    <AD_Column type="table">
                        <IsSyncDatabase>Y</IsSyncDatabase>
                        <AD_Table_ID reference="uuid" reference-key="AD_Table">0ad38f78-e257-49dd-9d8c-6cd051f41804</AD_Table_ID>
                        <AD_Reference_Value_ID reference="id"/>
                        <AD_Client_ID>0</AD_Client_ID>
                        <AD_Org_ID>0</AD_Org_ID>
                        <Version>0</Version>
                        <Name>Position</Name>
                        <Description/>
                        <Help/>
                        <AD_Val_Rule_ID reference="id"/>
                        <ColumnName>Position</ColumnName>
                        <DefaultValue>10</DefaultValue>
                        <FieldLength>10</FieldLength>
                        <IsKey>N</IsKey>
                        <IsParent>N</IsParent>
                        <IsMandatory>Y</IsMandatory>
                        <IsTranslated>N</IsTranslated>
                        <IsIdentifier>N</IsIdentifier>
                        <SeqNo>0</SeqNo>
                        <IsEncrypted>N</IsEncrypted>
                        <AD_Reference_ID reference="id">11</AD_Reference_ID>
                        <IsActive>Y</IsActive>
                        <VFormat/>
                        <Callout/>
                        <AD_Element_ID reference="id">52014</AD_Element_ID>
                        <IsUpdateable>Y</IsUpdateable>
                        <AD_Process_ID reference="id"/>
                        <ValueMin>0</ValueMin>
                        <ValueMax/>
                        <IsSelectionColumn>N</IsSelectionColumn>
                        <ReadOnlyLogic/>
                        <EntityType>U</EntityType>
                        <IsAlwaysUpdateable>N</IsAlwaysUpdateable>
                        <ColumnSQL/>
                        <MandatoryLogic/>
                        <IsAutocomplete>N</IsAutocomplete>
                        <IsAllowLogging>Y</IsAllowLogging>
                        <FormatPattern/>
                        <AD_Chart_ID reference="id"/>
                        <AD_Column_UU>a96bfae1-56a5-4afe-b517-b64a53cf74fe</AD_Column_UU>
                        <IsAllowCopy>Y</IsAllowCopy>
                        <SeqNoSelection>0</SeqNoSelection>
                        <IsToolbarButton>N</IsToolbarButton>
                        <IsSecure>N</IsSecure>
                        <FKConstraintName/>
                        <FKConstraintType>N</FKConstraintType>
                        <PA_DashboardContent_ID reference="id"/>
                        <Placeholder/>
                        <IsHtml>N</IsHtml>
                    </AD_Column>
                    <AD_Column type="table">
                        <IsSyncDatabase>Y</IsSyncDatabase>
                        <AD_Table_ID reference="uuid" reference-key="AD_Table">0ad38f78-e257-49dd-9d8c-6cd051f41804</AD_Table_ID>
                        <AD_Reference_Value_ID reference="id"/>
                        <AD_Client_ID>0</AD_Client_ID>
                        <AD_Org_ID>0</AD_Org_ID>
                        <Version>0</Version>
                        <Name>Heading only</Name>
                        <Description>Field without Column - Only label is displayed</Description>
                        <Help>The Heading Only checkbox indicates if just the label will display on the screen</Help>
                        <AD_Val_Rule_ID reference="id"/>
                        <ColumnName>IsHeading</ColumnName>
                        <DefaultValue/>
                        <FieldLength>1</FieldLength>
                        <IsKey>N</IsKey>
                        <IsParent>N</IsParent>
                        <IsMandatory>N</IsMandatory>
                        <IsTranslated>N</IsTranslated>
                        <IsIdentifier>N</IsIdentifier>
                        <SeqNo>0</SeqNo>
                        <IsEncrypted>N</IsEncrypted>
                        <AD_Reference_ID reference="id">20</AD_Reference_ID>
                        <IsActive>Y</IsActive>
                        <VFormat/>
                        <Callout/>
                        <AD_Element_ID reference="id">381</AD_Element_ID>
                        <IsUpdateable>Y</IsUpdateable>
                        <AD_Process_ID reference="id"/>
                        <ValueMin/>
                        <ValueMax/>
                        <IsSelectionColumn>N</IsSelectionColumn>
                        <ReadOnlyLogic/>
                        <EntityType>U</EntityType>
                        <IsAlwaysUpdateable>N</IsAlwaysUpdateable>
                        <ColumnSQL/>
                        <MandatoryLogic/>
                        <IsAutocomplete>N</IsAutocomplete>
                        <IsAllowLogging>Y</IsAllowLogging>
                        <FormatPattern/>
                        <AD_Chart_ID reference="id"/>
                        <AD_Column_UU>bbae183b-39ce-4a58-8732-41a0826fba1b</AD_Column_UU>
                        <IsAllowCopy>Y</IsAllowCopy>
                        <SeqNoSelection>0</SeqNoSelection>
                        <IsToolbarButton>N</IsToolbarButton>
                        <IsSecure>N</IsSecure>
                        <FKConstraintName/>
                        <FKConstraintType>N</FKConstraintType>
                        <PA_DashboardContent_ID reference="id"/>
                        <Placeholder/>
                        <IsHtml>N</IsHtml>
                    </AD_Column>
                </AD_Table>
                <AD_Tab type="table">
                    <AD_Client_ID>0</AD_Client_ID>
                    <AD_Org_ID>0</AD_Org_ID>
                    <Name>PAT_InfoDialog</Name>
                    <Description/>
                    <Help/>
                    <AD_Window_ID reference="uuid" reference-key="AD_Window">9be3d809-fede-47f3-bd65-9d66cdc61a35</AD_Window_ID>
                    <SeqNo>10</SeqNo>
                    <IsSingleRow>Y</IsSingleRow>
                    <AD_Table_ID reference="uuid" reference-key="AD_Table">0ad38f78-e257-49dd-9d8c-6cd051f41804</AD_Table_ID>
                    <IsActive>Y</IsActive>
                    <HasTree>N</HasTree>
                    <IsInfoTab>N</IsInfoTab>
                    <IsTranslationTab>N</IsTranslationTab>
                    <IsReadOnly>N</IsReadOnly>
                    <AD_Column_ID reference="id"/>
                    <WhereClause/>
                    <OrderByClause/>
                    <CommitWarning/>
                    <AD_Process_ID reference="id"/>
                    <Processing>N</Processing>
                    <AD_Image_ID reference="id"/>
                    <ImportFields>N</ImportFields>
                    <TabLevel>0</TabLevel>
                    <IsSortTab>N</IsSortTab>
                    <AD_ColumnSortYesNo_ID reference="id"/>
                    <AD_ColumnSortOrder_ID reference="id"/>
                    <EntityType>U</EntityType>
                    <Included_Tab_ID reference="id"/>
                    <ReadOnlyLogic/>
                    <DisplayLogic/>
                    <IsInsertRecord>Y</IsInsertRecord>
                    <IsAdvancedTab>Y</IsAdvancedTab>
                    <Parent_Column_ID reference="id"/>
                    <AD_Tab_UU>c78474db-3148-4ad4-a45e-e512268004f0</AD_Tab_UU>
                    <AD_CtxHelp_ID reference="id"/>
                    <TreeDisplayedOn>B</TreeDisplayedOn>
                    <MaxQueryRecords>0</MaxQueryRecords>
                    <AD_Field type="table">
                        <AD_Client_ID>0</AD_Client_ID>
                        <AD_Org_ID>0</AD_Org_ID>
                        <Name>PAT_InfoDialog_UU</Name>
                        <Description/>
                        <Help/>
                        <AD_Tab_ID reference="uuid" reference-key="AD_Tab">c78474db-3148-4ad4-a45e-e512268004f0</AD_Tab_ID>
                        <AD_Column_ID reference="uuid" reference-key="AD_Column">53448b74-3a25-4c7d-97a3-f8f68943d1b6</AD_Column_ID>
                        <IsDisplayed>N</IsDisplayed>
                        <DisplayLogic/>
                        <DisplayLength>36</DisplayLength>
                        <SeqNo>0</SeqNo>
                        <SortNo/>
                        <IsSameLine>N</IsSameLine>
                        <IsHeading>N</IsHeading>
                        <IsFieldOnly>N</IsFieldOnly>
                        <IsEncrypted>N</IsEncrypted>
                        <IsActive>Y</IsActive>
                        <IsReadOnly>N</IsReadOnly>
                        <IsCentrallyMaintained>Y</IsCentrallyMaintained>
                        <AD_FieldGroup_ID reference="id"/>
                        <EntityType>U</EntityType>
                        <ObscureType/>
                        <AD_Reference_ID reference="id"/>
                        <IsMandatory/>
                        <DefaultValue/>
                        <AD_Reference_Value_ID reference="id"/>
                        <AD_Val_Rule_ID reference="id"/>
                        <Included_Tab_ID reference="id"/>
                        <AD_Field_UU>1f3e8cf7-5a63-4e78-934c-8d1e103af094</AD_Field_UU>
                        <IsAllowCopy/>
                        <IsDisplayedGrid>N</IsDisplayedGrid>
                        <SeqNoGrid/>
                        <XPosition>1</XPosition>
                        <ColumnSpan>2</ColumnSpan>
                        <NumLines>1</NumLines>
                        <IsQuickEntry>N</IsQuickEntry>
                        <IsUpdateable/>
                        <IsAlwaysUpdateable/>
                        <MandatoryLogic/>
                        <ReadOnlyLogic/>
                        <IsToolbarButton/>
                        <IsDefaultFocus>N</IsDefaultFocus>
                        <IsAdvancedField>N</IsAdvancedField>
                        <VFormat/>
                        <AD_LabelStyle_ID reference="id"/>
                        <AD_FieldStyle_ID reference="id"/>
                        <IsQuickForm>N</IsQuickForm>
                        <Placeholder/>
                    </AD_Field>
                    <AD_Field type="table">
                        <AD_Client_ID>0</AD_Client_ID>
                        <AD_Org_ID>0</AD_Org_ID>
                        <Name>PAT_InfoDialog</Name>
                        <Description/>
                        <Help/>
                        <AD_Tab_ID reference="uuid" reference-key="AD_Tab">c78474db-3148-4ad4-a45e-e512268004f0</AD_Tab_ID>
                        <AD_Column_ID reference="uuid" reference-key="AD_Column">38e5958b-e1d0-439a-a062-ad9b36e69fa3</AD_Column_ID>
                        <IsDisplayed>N</IsDisplayed>
                        <DisplayLogic/>
                        <DisplayLength>22</DisplayLength>
                        <SeqNo>0</SeqNo>
                        <SortNo/>
                        <IsSameLine>N</IsSameLine>
                        <IsHeading>N</IsHeading>
                        <IsFieldOnly>N</IsFieldOnly>
                        <IsEncrypted>N</IsEncrypted>
                        <IsActive>Y</IsActive>
                        <IsReadOnly>N</IsReadOnly>
                        <IsCentrallyMaintained>Y</IsCentrallyMaintained>
                        <AD_FieldGroup_ID reference="id"/>
                        <EntityType>U</EntityType>
                        <ObscureType/>
                        <AD_Reference_ID reference="id"/>
                        <IsMandatory/>
                        <DefaultValue/>
                        <AD_Reference_Value_ID reference="id"/>
                        <AD_Val_Rule_ID reference="id"/>
                        <Included_Tab_ID reference="id"/>
                        <AD_Field_UU>82350ee2-f96a-497b-b986-e6e1e2f0a82e</AD_Field_UU>
                        <IsAllowCopy/>
                        <IsDisplayedGrid>N</IsDisplayedGrid>
                        <SeqNoGrid/>
                        <XPosition>1</XPosition>
                        <ColumnSpan>2</ColumnSpan>
                        <NumLines>1</NumLines>
                        <IsQuickEntry>N</IsQuickEntry>
                        <IsUpdateable/>
                        <IsAlwaysUpdateable/>
                        <MandatoryLogic/>
                        <ReadOnlyLogic/>
                        <IsToolbarButton/>
                        <IsDefaultFocus>N</IsDefaultFocus>
                        <IsAdvancedField>N</IsAdvancedField>
                        <VFormat/>
                        <AD_LabelStyle_ID reference="id"/>
                        <AD_FieldStyle_ID reference="id"/>
                        <IsQuickForm>N</IsQuickForm>
                        <Placeholder/>
                    </AD_Field>
                    <AD_Field type="table">
                        <AD_Client_ID>0</AD_Client_ID>
                        <AD_Org_ID>0</AD_Org_ID>
                        <Name>Heading only</Name>
                        <Description>Field without Column - Only label is displayed</Description>
                        <Help>The Heading Only checkbox indicates if just the label will display on the screen</Help>
                        <AD_Tab_ID reference="uuid" reference-key="AD_Tab">c78474db-3148-4ad4-a45e-e512268004f0</AD_Tab_ID>
                        <AD_Column_ID reference="uuid" reference-key="AD_Column">bbae183b-39ce-4a58-8732-41a0826fba1b</AD_Column_ID>
                        <IsDisplayed>Y</IsDisplayed>
                        <DisplayLogic/>
                        <DisplayLength>1</DisplayLength>
                        <SeqNo>10</SeqNo>
                        <SortNo/>
                        <IsSameLine>N</IsSameLine>
                        <IsHeading>N</IsHeading>
                        <IsFieldOnly>N</IsFieldOnly>
                        <IsEncrypted>N</IsEncrypted>
                        <IsActive>Y</IsActive>
                        <IsReadOnly>N</IsReadOnly>
                        <IsCentrallyMaintained>Y</IsCentrallyMaintained>
                        <AD_FieldGroup_ID reference="id"/>
                        <EntityType>U</EntityType>
                        <ObscureType/>
                        <AD_Reference_ID reference="id"/>
                        <IsMandatory/>
                        <DefaultValue/>
                        <AD_Reference_Value_ID reference="id"/>
                        <AD_Val_Rule_ID reference="id"/>
                        <Included_Tab_ID reference="id"/>
                        <AD_Field_UU>d11a92fb-a7d6-470f-ad5d-f5e757ffd080</AD_Field_UU>
                        <IsAllowCopy/>
                        <IsDisplayedGrid>Y</IsDisplayedGrid>
                        <SeqNoGrid>110</SeqNoGrid>
                        <XPosition>2</XPosition>
                        <ColumnSpan>2</ColumnSpan>
                        <NumLines>1</NumLines>
                        <IsQuickEntry>N</IsQuickEntry>
                        <IsUpdateable/>
                        <IsAlwaysUpdateable/>
                        <MandatoryLogic/>
                        <ReadOnlyLogic/>
                        <IsToolbarButton/>
                        <IsDefaultFocus>N</IsDefaultFocus>
                        <IsAdvancedField>N</IsAdvancedField>
                        <VFormat/>
                        <AD_LabelStyle_ID reference="id"/>
                        <AD_FieldStyle_ID reference="id"/>
                        <IsQuickForm>N</IsQuickForm>
                        <Placeholder/>
                    </AD_Field>
                    <AD_Field type="table">
                        <AD_Client_ID>0</AD_Client_ID>
                        <AD_Org_ID>0</AD_Org_ID>
                        <Name>Active</Name>
                        <Description>The record is active in the system</Description>
                        <Help>There are two methods of making records unavailable in the system: One is to delete the record, the other is to de-activate the record. A de-activated record is not available for selection, but available for reports.
There are two reasons for de-activating and not deleting records:
(1) The system requires the record for audit purposes.
(2) The record is referenced by other records. E.g., you cannot delete a Business Partner, if there are invoices for this partner record existing. You de-activate the Business Partner and prevent that this record is used for future entries.</Help>
                        <AD_Tab_ID reference="uuid" reference-key="AD_Tab">c78474db-3148-4ad4-a45e-e512268004f0</AD_Tab_ID>
                        <AD_Column_ID reference="uuid" reference-key="AD_Column">94b1d0c6-fc6b-4e5c-849d-dd11bc45afa4</AD_Column_ID>
                        <IsDisplayed>Y</IsDisplayed>
                        <DisplayLogic/>
                        <DisplayLength>1</DisplayLength>
                        <SeqNo>20</SeqNo>
                        <SortNo/>
                        <IsSameLine>N</IsSameLine>
                        <IsHeading>N</IsHeading>
                        <IsFieldOnly>N</IsFieldOnly>
                        <IsEncrypted>N</IsEncrypted>
                        <IsActive>Y</IsActive>
                        <IsReadOnly>N</IsReadOnly>
                        <IsCentrallyMaintained>Y</IsCentrallyMaintained>
                        <AD_FieldGroup_ID reference="id"/>
                        <EntityType>U</EntityType>
                        <ObscureType/>
                        <AD_Reference_ID reference="id"/>
                        <IsMandatory/>
                        <DefaultValue/>
                        <AD_Reference_Value_ID reference="id"/>
                        <AD_Val_Rule_ID reference="id"/>
                        <Included_Tab_ID reference="id"/>
                        <AD_Field_UU>91baed8c-def4-4980-a9b6-f5559520663b</AD_Field_UU>
                        <IsAllowCopy/>
                        <IsDisplayedGrid>Y</IsDisplayedGrid>
                        <SeqNoGrid>70</SeqNoGrid>
                        <XPosition>4</XPosition>
                        <ColumnSpan>2</ColumnSpan>
                        <NumLines>1</NumLines>
                        <IsQuickEntry>N</IsQuickEntry>
                        <IsUpdateable/>
                        <IsAlwaysUpdateable/>
                        <MandatoryLogic/>
                        <ReadOnlyLogic/>
                        <IsToolbarButton/>
                        <IsDefaultFocus>N</IsDefaultFocus>
                        <IsAdvancedField>N</IsAdvancedField>
                        <VFormat/>
                        <AD_LabelStyle_ID reference="id"/>
                        <AD_FieldStyle_ID reference="id"/>
                        <IsQuickForm>N</IsQuickForm>
                        <Placeholder/>
                    </AD_Field>
                    <AD_Field type="table">
                        <AD_Client_ID>0</AD_Client_ID>
                        <AD_Org_ID>0</AD_Org_ID>
                        <Name>Description</Name>
                        <Description>Optional short description of the record</Description>
                        <Help>A description is limited to 255 characters.</Help>
                        <AD_Tab_ID reference="uuid" reference-key="AD_Tab">c78474db-3148-4ad4-a45e-e512268004f0</AD_Tab_ID>
                        <AD_Column_ID reference="uuid" reference-key="AD_Column">b1b51028-731d-4fdd-8a46-b117b35c83f8</AD_Column_ID>
                        <IsDisplayed>Y</IsDisplayed>
                        <DisplayLogic/>
                        <DisplayLength>255</DisplayLength>
                        <SeqNo>30</SeqNo>
                        <SortNo/>
                        <IsSameLine>N</IsSameLine>
                        <IsHeading>N</IsHeading>
                        <IsFieldOnly>N</IsFieldOnly>
                        <IsEncrypted>N</IsEncrypted>
                        <IsActive>Y</IsActive>
                        <IsReadOnly>N</IsReadOnly>
                        <IsCentrallyMaintained>Y</IsCentrallyMaintained>
                        <AD_FieldGroup_ID reference="id"/>
                        <EntityType>U</EntityType>
                        <ObscureType/>
                        <AD_Reference_ID reference="id"/>
                        <IsMandatory/>
                        <DefaultValue/>
                        <AD_Reference_Value_ID reference="id"/>
                        <AD_Val_Rule_ID reference="id"/>
                        <Included_Tab_ID reference="id"/>
                        <AD_Field_UU>cbe74b9e-6a97-4c33-a370-4af613bf8852</AD_Field_UU>
                        <IsAllowCopy/>
                        <IsDisplayedGrid>Y</IsDisplayedGrid>
                        <SeqNoGrid>20</SeqNoGrid>
                        <XPosition>1</XPosition>
                        <ColumnSpan>5</ColumnSpan>
                        <NumLines>1</NumLines>
                        <IsQuickEntry>N</IsQuickEntry>
                        <IsUpdateable/>
                        <IsAlwaysUpdateable/>
                        <MandatoryLogic/>
                        <ReadOnlyLogic/>
                        <IsToolbarButton/>
                        <IsDefaultFocus>N</IsDefaultFocus>
                        <IsAdvancedField>N</IsAdvancedField>
                        <VFormat/>
                        <AD_LabelStyle_ID reference="id"/>
                        <AD_FieldStyle_ID reference="id"/>
                        <IsQuickForm>N</IsQuickForm>
                        <Placeholder/>
                    </AD_Field>
                    <AD_Field type="table">
                        <AD_Client_ID>0</AD_Client_ID>
                        <AD_Org_ID>0</AD_Org_ID>
                        <Name>Client</Name>
                        <Description>Client/Tenant for this installation.</Description>
                        <Help>A Client is a company or a legal entity. You cannot share data between Clients. Tenant is a synonym for Client.</Help>
                        <AD_Tab_ID reference="uuid" reference-key="AD_Tab">c78474db-3148-4ad4-a45e-e512268004f0</AD_Tab_ID>
                        <AD_Column_ID reference="uuid" reference-key="AD_Column">1e30f10c-9e62-4c0c-87bc-2c40db96d16f</AD_Column_ID>
                        <IsDisplayed>Y</IsDisplayed>
                        <DisplayLogic/>
                        <DisplayLength>22</DisplayLength>
                        <SeqNo>40</SeqNo>
                        <SortNo/>
                        <IsSameLine>N</IsSameLine>
                        <IsHeading>N</IsHeading>
                        <IsFieldOnly>N</IsFieldOnly>
                        <IsEncrypted>N</IsEncrypted>
                        <IsActive>Y</IsActive>
                        <IsReadOnly>N</IsReadOnly>
                        <IsCentrallyMaintained>Y</IsCentrallyMaintained>
                        <AD_FieldGroup_ID reference="id"/>
                        <EntityType>U</EntityType>
                        <ObscureType/>
                        <AD_Reference_ID reference="id"/>
                        <IsMandatory/>
                        <DefaultValue/>
                        <AD_Reference_Value_ID reference="id"/>
                        <AD_Val_Rule_ID reference="id"/>
                        <Included_Tab_ID reference="id"/>
                        <AD_Field_UU>905ddcb0-bfe1-4ba5-8390-622870979ef1</AD_Field_UU>
                        <IsAllowCopy/>
                        <IsDisplayedGrid>Y</IsDisplayedGrid>
                        <SeqNoGrid>10</SeqNoGrid>
                        <XPosition>1</XPosition>
                        <ColumnSpan>2</ColumnSpan>
                        <NumLines>1</NumLines>
                        <IsQuickEntry>N</IsQuickEntry>
                        <IsUpdateable/>
                        <IsAlwaysUpdateable/>
                        <MandatoryLogic/>
                        <ReadOnlyLogic/>
                        <IsToolbarButton/>
                        <IsDefaultFocus>N</IsDefaultFocus>
                        <IsAdvancedField>N</IsAdvancedField>
                        <VFormat/>
                        <AD_LabelStyle_ID reference="id"/>
                        <AD_FieldStyle_ID reference="id"/>
                        <IsQuickForm>N</IsQuickForm>
                        <Placeholder/>
                    </AD_Field>
                    <AD_Field type="table">
                        <AD_Client_ID>0</AD_Client_ID>
                        <AD_Org_ID>0</AD_Org_ID>
                        <Name>Organization</Name>
                        <Description>Organizational entity within client</Description>
                        <Help>An organization is a unit of your client or legal entity - examples are store, department. You can share data between organizations.</Help>
                        <AD_Tab_ID reference="uuid" reference-key="AD_Tab">c78474db-3148-4ad4-a45e-e512268004f0</AD_Tab_ID>
                        <AD_Column_ID reference="uuid" reference-key="AD_Column">9502f19e-1cfb-4587-a46c-4cf75650f322</AD_Column_ID>
                        <IsDisplayed>Y</IsDisplayed>
                        <DisplayLogic/>
                        <DisplayLength>22</DisplayLength>
                        <SeqNo>50</SeqNo>
                        <SortNo/>
                        <IsSameLine>N</IsSameLine>
                        <IsHeading>N</IsHeading>
                        <IsFieldOnly>N</IsFieldOnly>
                        <IsEncrypted>N</IsEncrypted>
                        <IsActive>Y</IsActive>
                        <IsReadOnly>N</IsReadOnly>
                        <IsCentrallyMaintained>Y</IsCentrallyMaintained>
                        <AD_FieldGroup_ID reference="id"/>
                        <EntityType>U</EntityType>
                        <ObscureType/>
                        <AD_Reference_ID reference="id"/>
                        <IsMandatory/>
                        <DefaultValue/>
                        <AD_Reference_Value_ID reference="id"/>
                        <AD_Val_Rule_ID reference="id"/>
                        <Included_Tab_ID reference="id"/>
                        <AD_Field_UU>c9e89ac5-d4f6-4883-afec-9790b20f6d87</AD_Field_UU>
                        <IsAllowCopy>Y</IsAllowCopy>
                        <IsDisplayedGrid>N</IsDisplayedGrid>
                        <SeqNoGrid/>
                        <XPosition>4</XPosition>
                        <ColumnSpan>2</ColumnSpan>
                        <NumLines>1</NumLines>
                        <IsQuickEntry>N</IsQuickEntry>
                        <IsUpdateable/>
                        <IsAlwaysUpdateable/>
                        <MandatoryLogic/>
                        <ReadOnlyLogic/>
                        <IsToolbarButton/>
                        <IsDefaultFocus>N</IsDefaultFocus>
                        <IsAdvancedField>N</IsAdvancedField>
                        <VFormat/>
                        <AD_LabelStyle_ID reference="id"/>
                        <AD_FieldStyle_ID reference="id"/>
                        <IsQuickForm>N</IsQuickForm>
                        <Placeholder/>
                    </AD_Field>
                    <AD_Field type="table">
                        <AD_Client_ID>0</AD_Client_ID>
                        <AD_Org_ID>0</AD_Org_ID>
                        <Name>Window</Name>
                        <Description>Data entry or display window</Description>
                        <Help>The Window field identifies a unique Window in the system.</Help>
                        <AD_Tab_ID reference="uuid" reference-key="AD_Tab">c78474db-3148-4ad4-a45e-e512268004f0</AD_Tab_ID>
                        <AD_Column_ID reference="uuid" reference-key="AD_Column">bbbcdc64-2234-4c87-a22c-793fba409ebd</AD_Column_ID>
                        <IsDisplayed>Y</IsDisplayed>
                        <DisplayLogic/>
                        <DisplayLength>22</DisplayLength>
                        <SeqNo>60</SeqNo>
                        <SortNo/>
                        <IsSameLine>N</IsSameLine>
                        <IsHeading>N</IsHeading>
                        <IsFieldOnly>N</IsFieldOnly>
                        <IsEncrypted>N</IsEncrypted>
                        <IsActive>Y</IsActive>
                        <IsReadOnly>N</IsReadOnly>
                        <IsCentrallyMaintained>Y</IsCentrallyMaintained>
                        <AD_FieldGroup_ID reference="id"/>
                        <EntityType>U</EntityType>
                        <ObscureType/>
                        <AD_Reference_ID reference="id"/>
                        <IsMandatory/>
                        <DefaultValue/>
                        <AD_Reference_Value_ID reference="id"/>
                        <AD_Val_Rule_ID reference="id"/>
                        <Included_Tab_ID reference="id"/>
                        <AD_Field_UU>822c1b03-70b1-4456-8817-77d223935649</AD_Field_UU>
                        <IsAllowCopy/>
                        <IsDisplayedGrid>Y</IsDisplayedGrid>
                        <SeqNoGrid>30</SeqNoGrid>
                        <XPosition>1</XPosition>
                        <ColumnSpan>2</ColumnSpan>
                        <NumLines>1</NumLines>
                        <IsQuickEntry>N</IsQuickEntry>
                        <IsUpdateable/>
                        <IsAlwaysUpdateable/>
                        <MandatoryLogic/>
                        <ReadOnlyLogic/>
                        <IsToolbarButton/>
                        <IsDefaultFocus>N</IsDefaultFocus>
                        <IsAdvancedField>N</IsAdvancedField>
                        <VFormat/>
                        <AD_LabelStyle_ID reference="id"/>
                        <AD_FieldStyle_ID reference="id"/>
                        <IsQuickForm>N</IsQuickForm>
                        <Placeholder/>
                    </AD_Field>
                    <AD_Field type="table">
                        <AD_Client_ID>0</AD_Client_ID>
                        <AD_Org_ID>0</AD_Org_ID>
                        <Name>Tab</Name>
                        <Description>Tab within a Window</Description>
                        <Help>The Tab indicates a tab that displays within a window.</Help>
                        <AD_Tab_ID reference="uuid" reference-key="AD_Tab">c78474db-3148-4ad4-a45e-e512268004f0</AD_Tab_ID>
                        <AD_Column_ID reference="uuid" reference-key="AD_Column">01034af6-5ece-4b30-99dc-99e6ee614619</AD_Column_ID>
                        <IsDisplayed>Y</IsDisplayed>
                        <DisplayLogic/>
                        <DisplayLength>10</DisplayLength>
                        <SeqNo>70</SeqNo>
                        <SortNo/>
                        <IsSameLine>N</IsSameLine>
                        <IsHeading>N</IsHeading>
                        <IsFieldOnly>N</IsFieldOnly>
                        <IsEncrypted>N</IsEncrypted>
                        <IsActive>Y</IsActive>
                        <IsReadOnly>N</IsReadOnly>
                        <IsCentrallyMaintained>Y</IsCentrallyMaintained>
                        <AD_FieldGroup_ID reference="id"/>
                        <EntityType>U</EntityType>
                        <ObscureType/>
                        <AD_Reference_ID reference="id"/>
                        <IsMandatory/>
                        <DefaultValue/>
                        <AD_Reference_Value_ID reference="id"/>
                        <AD_Val_Rule_ID reference="id"/>
                        <Included_Tab_ID reference="id"/>
                        <AD_Field_UU>497556d5-84bb-40d7-8451-8452c85dc0f9</AD_Field_UU>
                        <IsAllowCopy/>
                        <IsDisplayedGrid>Y</IsDisplayedGrid>
                        <SeqNoGrid>40</SeqNoGrid>
                        <XPosition>4</XPosition>
                        <ColumnSpan>2</ColumnSpan>
                        <NumLines>1</NumLines>
                        <IsQuickEntry>N</IsQuickEntry>
                        <IsUpdateable/>
                        <IsAlwaysUpdateable/>
                        <MandatoryLogic/>
                        <ReadOnlyLogic/>
                        <IsToolbarButton/>
                        <IsDefaultFocus>N</IsDefaultFocus>
                        <IsAdvancedField>N</IsAdvancedField>
                        <VFormat/>
                        <AD_LabelStyle_ID reference="id"/>
                        <AD_FieldStyle_ID reference="id"/>
                        <IsQuickForm>N</IsQuickForm>
                        <Placeholder/>
                    </AD_Field>
                    <AD_Field type="table">
                        <AD_Client_ID>0</AD_Client_ID>
                        <AD_Org_ID>0</AD_Org_ID>
                        <Name>Position</Name>
                        <Description/>
                        <Help/>
                        <AD_Tab_ID reference="uuid" reference-key="AD_Tab">c78474db-3148-4ad4-a45e-e512268004f0</AD_Tab_ID>
                        <AD_Column_ID reference="uuid" reference-key="AD_Column">a96bfae1-56a5-4afe-b517-b64a53cf74fe</AD_Column_ID>
                        <IsDisplayed>Y</IsDisplayed>
                        <DisplayLogic/>
                        <DisplayLength>10</DisplayLength>
                        <SeqNo>80</SeqNo>
                        <SortNo/>
                        <IsSameLine>N</IsSameLine>
                        <IsHeading>N</IsHeading>
                        <IsFieldOnly>N</IsFieldOnly>
                        <IsEncrypted>N</IsEncrypted>
                        <IsActive>Y</IsActive>
                        <IsReadOnly>N</IsReadOnly>
                        <IsCentrallyMaintained>Y</IsCentrallyMaintained>
                        <AD_FieldGroup_ID reference="id"/>
                        <EntityType>U</EntityType>
                        <ObscureType/>
                        <AD_Reference_ID reference="id"/>
                        <IsMandatory/>
                        <DefaultValue/>
                        <AD_Reference_Value_ID reference="id"/>
                        <AD_Val_Rule_ID reference="id"/>
                        <Included_Tab_ID reference="id"/>
                        <AD_Field_UU>399e7b0e-b471-4561-9d2a-11feb2918962</AD_Field_UU>
                        <IsAllowCopy/>
                        <IsDisplayedGrid>Y</IsDisplayedGrid>
                        <SeqNoGrid>100</SeqNoGrid>
                        <XPosition>1</XPosition>
                        <ColumnSpan>2</ColumnSpan>
                        <NumLines>1</NumLines>
                        <IsQuickEntry>N</IsQuickEntry>
                        <IsUpdateable/>
                        <IsAlwaysUpdateable/>
                        <MandatoryLogic/>
                        <ReadOnlyLogic/>
                        <IsToolbarButton/>
                        <IsDefaultFocus>N</IsDefaultFocus>
                        <IsAdvancedField>N</IsAdvancedField>
                        <VFormat/>
                        <AD_LabelStyle_ID reference="id"/>
                        <AD_FieldStyle_ID reference="id"/>
                        <IsQuickForm>N</IsQuickForm>
                        <Placeholder/>
                    </AD_Field>
                    <AD_Field type="table">
                        <AD_Client_ID>0</AD_Client_ID>
                        <AD_Org_ID>0</AD_Org_ID>
                        <Name>Label</Name>
                        <Description/>
                        <Help/>
                        <AD_Tab_ID reference="uuid" reference-key="AD_Tab">c78474db-3148-4ad4-a45e-e512268004f0</AD_Tab_ID>
                        <AD_Column_ID reference="uuid" reference-key="AD_Column">b33af52c-d570-40d4-8878-c1edf2baeba0</AD_Column_ID>
                        <IsDisplayed>Y</IsDisplayed>
                        <DisplayLogic/>
                        <DisplayLength>50</DisplayLength>
                        <SeqNo>90</SeqNo>
                        <SortNo/>
                        <IsSameLine>N</IsSameLine>
                        <IsHeading>N</IsHeading>
                        <IsFieldOnly>N</IsFieldOnly>
                        <IsEncrypted>N</IsEncrypted>
                        <IsActive>Y</IsActive>
                        <IsReadOnly>N</IsReadOnly>
                        <IsCentrallyMaintained>Y</IsCentrallyMaintained>
                        <AD_FieldGroup_ID reference="id"/>
                        <EntityType>U</EntityType>
                        <ObscureType/>
                        <AD_Reference_ID reference="id"/>
                        <IsMandatory/>
                        <DefaultValue/>
                        <AD_Reference_Value_ID reference="id"/>
                        <AD_Val_Rule_ID reference="id"/>
                        <Included_Tab_ID reference="id"/>
                        <AD_Field_UU>379db5ac-31ca-49c0-8757-f68e702b142c</AD_Field_UU>
                        <IsAllowCopy/>
                        <IsDisplayedGrid>Y</IsDisplayedGrid>
                        <SeqNoGrid>80</SeqNoGrid>
                        <XPosition>4</XPosition>
                        <ColumnSpan>2</ColumnSpan>
                        <NumLines>3</NumLines>
                        <IsQuickEntry>N</IsQuickEntry>
                        <IsUpdateable/>
                        <IsAlwaysUpdateable/>
                        <MandatoryLogic/>
                        <ReadOnlyLogic/>
                        <IsToolbarButton/>
                        <IsDefaultFocus>N</IsDefaultFocus>
                        <IsAdvancedField>N</IsAdvancedField>
                        <VFormat/>
                        <AD_LabelStyle_ID reference="id"/>
                        <AD_FieldStyle_ID reference="id"/>
                        <IsQuickForm>N</IsQuickForm>
                        <Placeholder/>
                    </AD_Field>
                    <AD_Field type="table">
                        <AD_Client_ID>0</AD_Client_ID>
                        <AD_Org_ID>0</AD_Org_ID>
                        <Name>SQLStatement</Name>
                        <Description/>
                        <Help/>
                        <AD_Tab_ID reference="uuid" reference-key="AD_Tab">c78474db-3148-4ad4-a45e-e512268004f0</AD_Tab_ID>
                        <AD_Column_ID reference="uuid" reference-key="AD_Column">5b62b0bc-01c3-4f9c-87d8-7b1bacf2020d</AD_Column_ID>
                        <IsDisplayed>Y</IsDisplayed>
                        <DisplayLogic>@IsHeading@='N'</DisplayLogic>
                        <DisplayLength>2000</DisplayLength>
                        <SeqNo>100</SeqNo>
                        <SortNo/>
                        <IsSameLine>N</IsSameLine>
                        <IsHeading>N</IsHeading>
                        <IsFieldOnly>N</IsFieldOnly>
                        <IsEncrypted>N</IsEncrypted>
                        <IsActive>Y</IsActive>
                        <IsReadOnly>N</IsReadOnly>
                        <IsCentrallyMaintained>Y</IsCentrallyMaintained>
                        <AD_FieldGroup_ID reference="id"/>
                        <EntityType>U</EntityType>
                        <ObscureType/>
                        <AD_Reference_ID reference="id"/>
                        <IsMandatory/>
                        <DefaultValue/>
                        <AD_Reference_Value_ID reference="id"/>
                        <AD_Val_Rule_ID reference="id"/>
                        <Included_Tab_ID reference="id"/>
                        <AD_Field_UU>207ff701-0509-41cd-98b5-079588421c60</AD_Field_UU>
                        <IsAllowCopy/>
                        <IsDisplayedGrid>Y</IsDisplayedGrid>
                        <SeqNoGrid>90</SeqNoGrid>
                        <XPosition>1</XPosition>
                        <ColumnSpan>5</ColumnSpan>
                        <NumLines>3</NumLines>
                        <IsQuickEntry>N</IsQuickEntry>
                        <IsUpdateable/>
                        <IsAlwaysUpdateable/>
                        <MandatoryLogic/>
                        <ReadOnlyLogic/>
                        <IsToolbarButton/>
                        <IsDefaultFocus>N</IsDefaultFocus>
                        <IsAdvancedField>N</IsAdvancedField>
                        <VFormat/>
                        <AD_LabelStyle_ID reference="id"/>
                        <AD_FieldStyle_ID reference="id"/>
                        <IsQuickForm>N</IsQuickForm>
                        <Placeholder/>
                    </AD_Field>
                </AD_Tab>
            </AD_Window>
        </AD_Menu>
    </AD_Menu>
</idempiere>
